18.03.2026, 19:20:11, 18.03.2026, 19:20:11, 00:00:01
18.03.2026, 19:20:13, 18.03.2026, 19:20:13, 00:00:00
18.03.2026, 19:20:14, 18.03.2026, 19:20:14, 00:00:04
18.03.2026, 19:20:19, 18.03.2026, 19:20:19, 00:00:03
18.03.2026, 19:20:19, 18.03.2026, 19:20:19, 01:00:03
18.03.2026, 19:36:33, 18.03.2026, 19:36:33, 00:00:09
18.03.2026, 22:57:07, 18.03.2026, 22:57:07, 00:00:01
18.03.2026, 23:02:36, 18.03.2026, 23:02:36, 00:00:01
18.03.2026, 23:02:47, 18.03.2026, 23:02:47, 00:00:02
18.03.2026, 23:02:54, 18.03.2026, 23:02:54, 00:00:02
19.03.2026, 13:15:58, 19.03.2026, 13:15:58, 00:00:01
19.03.2026, 13:40:39, 19.03.2026, 13:40:39, 00:00:02
19.03.2026, 13:41:06, 19.03.2026, 13:41:06, 00:00:-2
19.03.2026, 13:41:05, 19.03.2026, 13:41:05, 00:00:01
19.03.2026, 13:41:48, 19.03.2026, 13:41:48, 00:01:47
19.03.2026, 13:51:42, 19.03.2026, 13:51:42, 00:00:01
19.03.2026, 13:52:09, 19.03.2026, 13:52:09, 00:00:01
19.03.2026, 13:53:05, 19.03.2026, 13:53:05, 00:00:02
19.03.2026, 13:53:11, 19.03.2026, 13:53:11, 04:06:17
19.03.2026, 17:59:31, 19.03.2026, 17:59:31, 00:00:00
19.03.2026, 17:59:32, 19.03.2026, 17:59:32, 00:00:01
19.03.2026, 17:59:39, 19.03.2026, 17:59:39, 00:00:00
19.03.2026, 18:09:14, 19.03.2026, 18:09:14, 00:00:02
19.03.2026, 18:09:17, 19.03.2026, 18:09:17, 00:00:03
19.03.2026, 18:09:39, 19.03.2026, 18:09:39, 00:00:02
20.03.2026, 14:18:24, 20.03.2026, 14:18:24, 00:00:02
20.03.2026, 14:18:54, 20.03.2026, 14:18:54, 00:00:01
20.03.2026, 14:24:56, 20.03.2026, 14:24:56, 00:00:01
20.03.2026, 14:24:58, 20.03.2026, 14:24:58, 00:00:00
20.03.2026, 14:30:21, 20.03.2026, 14:30:21, 00:00:00
20.03.2026, 14:30:45, 20.03.2026, 14:30:45, 00:00:00
20.03.2026, 14:30:46, 20.03.2026, 14:30:46, 00:00:00
20.03.2026, 14:30:47, 20.03.2026, 14:30:47, 00:00:02
20.03.2026, 16:14:54, 20.03.2026, 16:14:54, 00:00:00
20.03.2026, 16:15:15, 20.03.2026, 16:15:15, 00:00:01
20.03.2026, 16:15:16, 20.03.2026, 16:15:16, 00:00:02
20.03.2026, 16:21:47, 20.03.2026, 16:21:47, 00:00:01
20.03.2026, 16:21:48, 20.03.2026, 16:21:48, 00:00:01
20.03.2026, 16:21:49, 20.03.2026, 16:21:49, 00:00:01
20.03.2026, 16:29:47, 20.03.2026, 16:29:47, 00:00:00
20.03.2026, 18:26:38, 20.03.2026, 18:26:38, 00:00:01
20.03.2026, 18:28:41, 20.03.2026, 18:28:41, 00:00:02
20.03.2026, 18:28:43, 20.03.2026, 18:28:43, 00:00:01
21.03.2026, 10:29:39, 21.03.2026, 10:29:39, 00:00:00
21.03.2026, 10:29:42, 21.03.2026, 10:29:42, 00:00:01
21.03.2026, 10:29:44, 21.03.2026, 10:29:44, 00:00:04
21.03.2026, 19:59:55, 21.03.2026, 19:59:55, 00:00:00
21.03.2026, 19:59:55, 21.03.2026, 19:59:55, 00:00:01
21.03.2026, 20:09:44, 21.03.2026, 20:09:44, 00:00:02
21.03.2026, 20:50:09, 21.03.2026, 20:50:09, 00:00:00
21.03.2026, 21:08:43, 21.03.2026, 21:08:43, 00:00:00
21.03.2026, 21:15:02, 21.03.2026, 21:15:02, 00:00:00
22.04.2026, 18:40:51, 22.04.2026, 18:40:51, 00:00:03
22.04.2026, 18:40:56, 22.04.2026, 18:40:56, 00:00:03
22.04.2026, 18:42:39, 22.04.2026, 18:42:39, 00:00:01
22.04.2026, 19:12:11, 22.04.2026, 19:12:11, 00:00:01
22.04.2026, 22:19:22, 22.04.2026, 22:19:22, 00:00:02
22.04.2026, 22:19:30, 22.04.2026, 22:19:30, 00:00:02
